{
  "A_baseline": {
    "R@1": 0.226,
    "R@5": 0.392,
    "R@10": 0.454,
    "MRR": 0.2962539682539683,
    "n_queries": 500,
    "pool_size": 217165,
    "elapsed_s": 13.0
  },
  "B_plus_signal": {
    "R@1": 0.226,
    "R@5": 0.392,
    "R@10": 0.454,
    "MRR": 0.2959396825396826,
    "n_queries": 500,
    "pool_size": 267165,
    "elapsed_s": 15.9
  },
  "C_plus_noise": {
    "R@1": 0.224,
    "R@5": 0.394,
    "R@10": 0.452,
    "MRR": 0.2949460317460318,
    "n_queries": 500,
    "pool_size": 267165,
    "elapsed_s": 15.6
  }
}