{
  "task": "rag_qa",
  "n": 10,
  "metrics": {
    "recall@1": 0.3,
    "recall@3": 0.6,
    "recall@5": 0.7,
    "recall@10": 0.7,
    "mrr": 0.4533333333333333
  },
  "results": [
    {
      "question": "Welche technischen Parameter sind im Vorhaben- und Erschließungsplan der Gemeinde Hatten für Windenergieanlagen (WEA) festgesetzt worden?",
      "ref_answer": "Im Vorhaben- und Erschließungsplan der Gemeinde Hatten aus dem Jahr 2001 wurden die folgenden technischen Parameter für Windenergieanlagen festgesetzt: max. Nabenhöhen von 98 m, eine max. Nennleistung von 1,8 MW und ein max. Rotordurchmesser von 70 m (siehe Rechtstext, letzter Absatz vor dem letzten Satz).",
      "gold_parent": 287,
      "top_parents": [
        287,
        286,
        292,
        573,
        573,
        573,
        282,
        284,
        573,
        32744
      ],
      "top_child_ids": [
        337,
        336,
        347,
        1335,
        1334,
        1336,
        332,
        334,
        1333,
        51758
      ],
      "top_sims": [
        0.785218358039856,
        0.747794508934021,
        0.6778860092163086,
        0.6515805721282959,
        0.643632173538208,
        0.6347489356994629,
        0.6236070990562439,
        0.6196483373641968,
        0.6065635681152344,
        0.604604184627533
      ],
      "rank": 1
    },
    {
      "question": "Welche Steuerberatungsgesellschaft ist für die NeXtWind Windpark Beteiligung III GmbH & Co. KG zuständig und welche Kontaktdaten sind hierfür angegeben?",
      "ref_answer": "Die zuständige Steuerberatungsgesellschaft für die NeXtWind Windpark Beteiligung III GmbH & Co. KG ist die Steuerberatungsgesellschaft mbH Dantax mit den folgenden Kontaktdaten: Sigrun Scherff, Telefon +49 461 700 35-0, Fax +49 461 700 35-99, E-Mail scherff@dantax.dk, Web: www.dantax.dk.",
      "gold_parent": 294,
      "top_parents": [
        302,
        294,
        2038,
        2038,
        5897,
        5638,
        5903,
        5559,
        5882,
        5625
      ],
      "top_child_ids": [
        359,
        349,
        2948,
        2947,
        8523,
        8184,
        8533,
        8080,
        8506,
        8165
      ],
      "top_sims": [
        0.8102083206176758,
        0.8100596070289612,
        0.6301944851875305,
        0.626273512840271,
        0.6004117727279663,
        0.5958189964294434,
        0.5956372618675232,
        0.5923405885696411,
        0.5916132926940918,
        0.590449333190918
      ],
      "rank": 2
    },
    {
      "question": "Welches Verantwortungsspektrum haben die Prüfer im Zusammenhang mit der Lektüre und Bewertung der Leitungsaussage?",
      "ref_answer": "Die Prüfer sind verantwortlich, die Leitungsaussage zu lesen und zu überprüfen, ob sie wesentlich inkonsistent mit dem Jahresabschluss oder dem Wissen ist, das bei der erweiterten Prüfung des Jahresabschlusses erlangt wurde, oder ob sie wesentliche Fehlinformationen enthält (vgl. 'I tilknytning til vores udvidede gennemgang af årsregnskabet er det vores ansvar at læse ledelsesberetningen og i den forbindelse overveje, om ledelsesberetningen er væsentligt inkonsistent med årsregnskabet eller vores viden opnået ved den udvidede gennemgang eller på anden måde synes at indeholde væsentlig fejlinformation'). Zudem müssen die Prüfer prüfen, ob die Leitungsaussage die nach Gesetz geforderten Informationen enthält (vgl. 'Vores ansvar er derudover at overveje, om ledelsesberetningen indeholder krævede oplysninger i henhold til årsregnskabsloven').",
      "gold_parent": 329,
      "top_parents": [
        3247,
        104542,
        4028,
        3258,
        1110,
        1247,
        1048,
        1083,
        1187,
        1220
      ],
      "top_child_ids": [
        4483,
        102220,
        5500,
        4494,
        1652,
        1810,
        1580,
        1620,
        1742,
        1779
      ],
      "top_sims": [
        0.6689389944076538,
        0.667375922203064,
        0.6486566662788391,
        0.6476564407348633,
        0.6315213441848755,
        0.6309595704078674,
        0.6272752285003662,
        0.6261188983917236,
        0.6236647963523865,
        0.623563826084137
      ],
      "rank": null
    },
    {
      "question": "Welche Kriterien müssen erfüllt sein, damit ein Aktiv in die Bilanz aufgenommen wird?",
      "ref_answer": "Ein Aktiv wird in die Bilanz aufgenommen, wenn es aufgrund einer früheren Ereignis wahrscheinlich ist, dass zukünftige wirtschaftliche Vorteile dem Unternehmen zufallen werden, und wenn der Wert des Aktivs zuverlässig gemessen werden kann (siehe Text: 'Aktiver indregnes i balancen, når det som følge af en tidligere begivenhed er sandsynligt, at fremtidige økonomiske fordele vil tilflyd virksomheden, og aktivets værdi kan måles pålideligt.')",
      "gold_parent": 346,
      "top_parents": [
        2748,
        2795,
        2773,
        3207,
        3218,
        3228,
        3291,
        3238,
        4050,
        4000
      ],
      "top_child_ids": [
        3789,
        3860,
        3824,
        4443,
        4454,
        4464,
        4527,
        4474,
        5522,
        5472
      ],
      "top_sims": [
        0.6706094145774841,
        0.6706094145774841,
        0.6705403923988342,
        0.6555860042572021,
        0.6553499698638916,
        0.6553499698638916,
        0.6553499698638916,
        0.6553499102592468,
        0.654304027557373,
        0.654304027557373
      ],
      "rank": null
    },
    {
      "question": "Welche Dokumente sind erforderlich, um die aktuelle rechtliche Struktur und den Gesellschafterstand der SPV und der Infrastrukturgesellschaften vollständig zu dokumentieren?",
      "ref_answer": "Um die aktuelle rechtliche Struktur und den Gesellschafterstand der SPV und der Infrastrukturgesellschaften vollständig zu dokumentieren, sind die folgenden Dokumente erforderlich:\n- Die Satzung (in beglaubigter Form) in der derzeit geltenden Fassung und aktuelle Eintragungen aus dem Handelsregister für die SPV oder ältere Eintragungen, falls die SPV unter einer anderen Nummer oder bei einem anderen Handelsregister eingetragen war, sowie anhängige Anträge.\n- Alle Gesellschafterbeschlüsse.\n- Kopien der Jahresabschlüsse der SPV (und der Infrastrukturgesellschaften) für die gesamte Dauer des Windparks, mindestens für die letzten drei Jahre.\n- Details, einschließlich Kopien aller Vereinbarungen, anderer relevanter Dokumente oder anderer Anordnungen, die Optionen, Rechte bei einem Kontrollwechsel, Vorkaufsrechte und andere Rechte zur Erwerb von Beteiligungen an der SPV (und den Infrastrukturgesellschaften) geschaffen haben (oder schaffen können).\n- Vollständige Details über alle Beteiligungen oder Aktien, die von der SPV (und den Infrastrukturgesellschaften) gehalten werden, einschließlich der aktuellen Gesellschafterliste, die beim Handelsregister eingetragen ist, durch eine vollständige Kette der Titel, Gründungsurkunden (z.B. Gründungsurkunde oder Satzung) und Satzungen aller jeweiligen Tochtergesellschaften, stille Gesellschaften sowie die Gewährung von Gewinnbeteiligungsrrechten und Unterbeteiligungen oder Darlehen mit Gewinnbeteiligung und aller Vereinbarungen über die Aktien sowie Vereinbarungen jeglicher Art bezüglich Sicherheiten auf die Aktien in Sach- oder Persönlichkeitsrechten (Pfandrecht, Sicherheitsabtretungen, Nutzungsrecht und Übertragung von Rechten an Aktien, Gewährung von Aktienoptionen) oder Einschränkungen der Veräußerung der Aktien, jegliche Treuhand- oder Treuhandbeziehungen.",
      "gold_parent": 348,
      "top_parents": [
        79915,
        79915,
        348,
        79915,
        504,
        170771,
        79915,
        502,
        163151,
        504
      ],
      "top_child_ids": [
        62398,
        62394,
        405,
        62396,
        1130,
        212648,
        62397,
        1124,
        200707,
        1129
      ],